DEPARTMENT,Avg_Elasticity,Products_Analyzed,Avg_Revenue_Uplift,Total_Revenue,Inelastic_Products,Elastic_Products,Strategic_Priority
CHEF SHOPPE,-2.025194482338342,4,60.8975,41.438794258373214,0,2,REVIEW
COSMETICS,-0.6902645121271836,7,43.22571428571428,18.75022962434189,2,1,INVEST
COUP/STR & MFG,-0.8387408028458966,1,11.83,3.575333333333334,0,0,INVEST
DELI,-1.5642659683246338,62,47.71306451612903,717.4088951283208,5,21,REVIEW
DRUG GM,-1.6143788038633113,708,46.93305084745762,2987.6751702485667,29,284,REVIEW
FLORAL,-1.3142231735268148,1,24.33,16.324021739130433,0,0,OPTIMIZE
GROCERY,-1.9562692840302405,3872,56.9217923553719,27324.658616502198,27,2141,REVIEW
MEAT,-2.000186091454567,99,62.85606060606061,3282.5857957596895,1,61,REVIEW
MEAT-PCKGD,-2.0305845811026324,395,63.8959746835443,3799.8806224191635,0,269,REVIEW
NUTRITION,-1.836618353936412,118,59.0685593220339,473.8789345336367,1,72,REVIEW
PASTRY,-1.8729671452352565,73,57.57958904109589,518.1767477363121,2,41,REVIEW
PRODUCE,-1.861155931944481,186,55.13295698924731,3066.5761014126706,4,94,REVIEW
SALAD BAR,-0.722499366942321,1,21.21,3.7990000000000004,0,0,INVEST
SEAFOOD,-1.5397354836957202,2,45.5,44.38947951273533,0,1,REVIEW
SEAFOOD-PCKGD,-1.428641732021133,68,32.61750000000001,628.456725463127,0,18,OPTIMIZE
SPIRITS,-1.715465133495368,2,66.19500000000001,21.278010291595194,0,1,REVIEW
